{
  "last_reputation_change": 1761002803.191882,
  "next_leveling_time": 1761007003.191882,
  "leveling_started": true
}